create database if not exists election_system;
use election_system;

DROP TABLE IF EXISTS voter;

CREATE TABLE voter (
  VoterId decimal(3,0) NOT NULL,
  Name varchar(50) DEFAULT NULL,
  Age decimal(3,0) DEFAULT NULL,
  Sex varchar(20) DEFAULT NULL,
  ConstituencyId decimal(2,0) NOT NULL,
  PRIMARY KEY (VoterId)
) ;

INSERT INTO voter VALUES 
('1','Michael','30','Female','4'),('2','Christopher','42','Female','4'),('3','Jessica','19','Male','3'),('4','Matthew','49','Female','4'),('5','Ashley','55','Male','1'),('6','Jennifer','50','Male','5'),('7','Joshua','20','Male','4'),('8','Amanda','58','Male','1'),('9','Daniel','65','Female','3'),('10','David','44','Female','1'),('11','James','57','Female','2'),('12','Robert','43','Female','1'),('13','John','47','Female','5'),('14','Joseph','18','Male','5'),('15','Andrew','44','Male','4'),('16','Ryan','35','Female','4'),('17','Brandon','58','Female','1'),('18','Jason','25','Female','1'),('19','Justin','48','Male','2'),('20','Sarah','20','Male','5'),('21','William','41','Female','5'),('22','Jonathan','25','Female','2'),('23','Stephanie','34','Male','4'),('24','Brian','50','Female','5'),('25','Nicole','63','Male','1'),('26','Nicholas','46','Female','1'),('27','Anthony','20','Male','4'),('28','Heather','44','Female','1'),('29','Eric','27','Male','1'),('30','Elizabeth','29','Male','5'),('31','Adam','33','Male','3'),('32','Megan','37','Female','2'),('33','Melissa','61','Male','1'),('34','Kevin','66','Male','5'),('35','Steven','59','Male','1'),('36','Thomas','32','Male','3'),('37','Timothy','53','Male','3'),('38','Christina','67','Male','3'),('39','Kyle','28','Female','1'),('40','Rachel','64','Female','3'),('41','Laura','46','Female','2'),('42','Lauren','44','Male','5'),('43','Amber','33','Male','5'),('44','Brittany','38','Male','2'),('45','Danielle','32','Female','2'),('46','Richard','42','Male','4'),('47','Kimberly','42','Male','3'),('48','Jeffrey','38','Female','4'),('49','Amy','34','Female','5'),('50','Crystal','39','Male','5'),('51','Michelle','62','Female','5'),('52','Tiffany','55','Female','3'),('53','Jeremy','66','Male','4'),('54','Benjamin','29','Female','2'),('55','Mark','25','Male','2'),('56','Emily','23','Female','4'),('57','Aaron','26','Male','4'),('58','Charles','60','Female','3'),('59','Rebecca','34','Female','1'),('60','Jacob','35','Male','3'),('61','Stephen','43','Female','3'),('62','Patrick','52','Male','1'),('63','Sean','55','Male','4'),('64','Erin','19','Female','3'),('65','Zachary','57','Male','1'),('66','Jamie','22','Male','4'),('67','Kelly','47','Female','1'),('68','Samantha','27','Male','4'),('69','Nathan','26','Female','3'),('70','Sara','63','Male','3'),('71','Dustin','28','Male','5'),('72','Paul','34','Male','4'),('73','Angela','35','Male','3'),('74','Tyler','54','Female','1'),('75','Scott','28','Male','1'),('76','Katherine','19','Female','4'),('77','Andrea','22','Male','5'),('78','Gregory','45','Male','5'),('79','Erica','31','Male','2'),('80','Mary','63','Male','2'),('81','Travis','58','Male','2'),('82','Lisa','22','Female','5'),('83','Kenneth','62','Male','3'),('84','Bryan','23','Male','5'),('85','Lindsey','64','Male','5'),('86','Kristen','26','Female','2'),('87','Jose','19','Female','2'),('88','Alexander','57','Male','4'),('89','Jesse','27','Female','5'),('90','Katie','65','Female','2'),('91','Lindsay','18','Female','4'),('92','Shannon','67','Female','5'),('93','Vanessa','67','Male','3'),('94','Courtney','41','Male','3'),('95','Christine','41','Female','5'),('96','Alicia','54','Female','3'),('97','Cody','52','Female','1'),('98','Allison','58','Male','4'),('99','Bradley','23','Male','3'),('100','Samuel','37','Male','1'),('101','Shawn','31','Male','2'),('102','April','19','Male','1'),('103','Derek','36','Female','2'),('104','Kathryn','33','Female','4'),('105','Kristin','64','Male','2'),('106','Chad','35','Female','2'),('107','Jenna','30','Female','5'),('108','Tara','53','Female','4'),('109','Maria','37','Female','1'),('110','Krystal','47','Male','2'),('111','Jared','61','Female','3'),('112','Anna','52','Male','5'),('113','Edward','38','Male','2'),('114','Julie','35','Male','5'),('115','Peter','54','Female','3'),('116','Holly','30','Male','1'),('117','Marcus','66','Female','2'),('118','Kristina','25','Female','5'),('119','Natalie','38','Male','2'),('120','Jordan','42','Female','2'),('121','Victoria','67','Female','2'),('122','Jacqueline','64','Male','1'),('123','Corey','25','Female','4'),('124','Keith','30','Female','1'),('125','Monica','27','Female','2'),('126','Juan','66','Female','5'),('127','Donald','33','Female','4'),('128','Cassandra','19','Female','2'),('129','Meghan','30','Female','5'),('130','Joel','55','Male','4'),('131','Shane','67','Male','3'),('132','Phillip','25','Female','5'),('133','Patricia','51','Male','5'),('134','Brett','19','Female','1'),('135','Ronald','42','Female','5'),('136','Catherine','40','Male','5'),('137','George','60','Female','2'),('138','Antonio','59','Male','4'),('139','Cynthia','35','Male','3'),('140','Stacy','34','Male','5'),('141','Kathleen','31','Female','3'),('142','Raymond','38','Female','4'),('143','Carlos','47','Male','3'),('144','Brandi','27','Male','2'),('145','Douglas','23','Female','5'),('146','Nathaniel','49','Male','3'),('147','Ian','37','Male','3'),('148','Craig','43','Female','1'),('149','Brandy','37','Male','2'),('150','Alex','49','Female','4'),('151','Valerie','29','Female','5'),('152','Veronica','58','Female','2'),('153','Cory','49','Female','1'),('154','Whitney','29','Female','1'),('155','Gary','64','Female','4'),('156','Derrick','63','Female','4'),('157','Philip','63','Male','1'),('158','Luis','32','Female','1'),('159','Diana','32','Male','4'),('160','Chelsea','47','Female','5'),('161','Leslie','25','Male','5'),('162','Caitlin','63','Male','5'),('163','Leah','26','Female','2'),('164','Natasha','47','Male','1'),('165','Erika','52','Male','1'),('166','Casey','42','Male','2'),('167','Latoya','33','Female','5'),('168','Erik','46','Male','5'),('169','Dana','58','Female','2'),('170','Victor','25','Female','2'),('171','Brent','34','Male','4'),('172','Dominique','36','Male','2'),('173','Frank','21','Female','5'),('174','Brittney','52','Female','1'),('175','Evan','50','Male','1'),('176','Gabriel','45','Male','4'),('177','Julia','51','Male','3'),('178','Candice','26','Female','1'),('179','Karen','62','Female','4'),('180','Melanie','45','Male','3'),('181','Adrian','43','Male','2'),('182','Stacey','29','Male','3'),('183','Margaret','37','Female','3'),('184','Sheena','24','Female','1'),('185','Wesley','46','Female','2'),('186','Vincent','37','Female','1'),('187','Alexandra','27','Male','2'),('188','Katrina','67','Male','5'),('189','Bethany','49','Male','5'),('190','Nichole','59','Male','5'),('191','Larry','37','Female','5'),('192','Jeffery','64','Male','1'),('193','Curtis','37','Female','4'),('194','Carrie','25','Female','4'),('195','Todd','59','Female','2'),('196','Blake','18','Female','2'),('197','Christian','63','Female','1'),('198','Randy','50','Female','2'),('199','Dennis','52','Female','2'),('200','Alison','33','Male','4');

DROP TABLE IF EXISTS votes;

CREATE TABLE votes
(
	VoterId decimal(3,0) NOT NULL,
	CandidateId decimal(3,0) NOT NULL,
	EVMId decimal(3,0) NOT NULL,
	Vote_timestamp varchar(25)  NOT NULL

);
INSERT INTO votes VALUES
('1','18','18','2020-12-16 21:10:13'),('2','18','1','2020-12-09 20:22:55'),('3','12','21','2020-11-13 14:04:00'),('4','3','23','2020-12-31 03:02:56'),('5','5','19','2020-11-23 06:32:24'),('6','19','16','2020-12-17 21:35:55'),('7','18','8','2020-11-15 23:52:10'),('8','20','19','2020-12-05 02:20:41'),('9','2','17','2020-12-22 12:53:10'),('10','10','9','2020-12-13 04:46:02'),('11','11','26','2020-11-08 23:10:13'),('12','20','11','2020-11-17 10:47:37'),('13','19','10','2020-11-20 04:52:11'),('14','4','10','2020-12-06 05:30:41'),('15','3','23','2020-11-15 03:12:18'),('16','8','18','2020-12-18 01:42:30'),('17','10','19','2020-11-22 03:37:54'),('18','20','9','2020-12-06 11:44:43'),('19','16','28','2020-11-02 00:13:52'),('20','4','16','2020-11-29 07:15:41'),('21','4','10','2020-12-16 08:23:48'),('22','16','28','2020-11-22 18:44:49'),('23','8','29','2020-11-05 09:47:45'),('24','4','20','2020-11-25 02:13:07'),('25','15','11','2020-12-27 17:47:27'),('26','10','9','2020-12-20 06:09:26'),('27','8','23','2020-11-14 23:15:02'),('28','20','9','2020-12-15 15:23:56'),('29','20','11','2020-12-02 04:48:50'),('30','19','20','2020-12-09 01:06:53'),('31','2','25','2020-11-13 08:17:52'),('32','16','3','2020-11-03 19:33:03'),('33','15','9','2020-11-10 01:24:22'),('34','19','20','2020-11-09 13:10:57'),('35','10','9','2020-12-18 00:24:39'),('36','17','25','2020-11-19 06:50:42'),('37','17','7','2020-11-26 06:15:46'),('38','12','30','2020-11-15 18:26:42'),('39','5','11','2020-11-13 00:00:15'),('40','17','25','2020-11-07 10:10:23'),('41','6','3','2020-11-08 09:06:59'),('42','14','16','2020-11-05 08:52:40'),('43','14','16','2020-12-07 00:00:50'),('44','6','27','2020-12-04 16:50:23'),('45','6','15','2020-12-25 23:06:35'),('46','8','4','2020-11-08 13:15:40'),('47','7','17','2020-12-06 00:42:53'),('48','3','1','2020-11-22 10:12:28'),('49','9','10','2020-12-25 20:53:31'),('50','9','16','2020-12-09 10:52:09'),('51','4','20','2020-11-19 08:23:32'),('52','7','25','2020-11-01 15:33:54'),('53','3','29','2020-11-19 04:32:23'),('54','6','27','2020-12-20 22:23:51'),('55','6','27','2020-11-23 08:44:33'),('56','8','4','2020-12-29 05:54:10'),('57','3','23','2020-12-24 23:10:52'),('58','2','22','2020-12-28 20:38:31'),('59','5','9','2020-11-08 22:56:27'),('60','12','21','2020-12-02 06:11:54'),('61','17','25','2020-12-08 01:51:35'),('62','5','9','2020-12-29 21:10:49'),('63','8','8','2020-11-04 08:47:45'),('64','12','30','2020-11-04 17:37:57'),('65','5','11','2020-12-03 07:35:07'),('66','13','1','2020-11-24 15:51:26'),('67','15','11','2020-12-07 11:24:17'),('68','3','1','2020-12-27 13:47:02'),('69','17','30','2020-12-05 02:28:13'),('70','2','7','2020-12-28 05:20:55'),('71','19','10','2020-12-22 01:45:17'),('72','13','8','2020-11-09 00:32:17'),('73','12','30','2020-11-18 06:52:03'),('74','5','19','2020-11-16 19:21:27'),('75','5','19','2020-12-19 08:50:15'),('76','3','1','2020-11-25 23:08:21'),('77','9','16','2020-11-15 11:27:07'),('78','9','10','2020-12-10 09:45:00'),('79','11','5','2020-12-06 09:28:26'),('80','1','26','2020-12-12 12:56:30'),('81','16','6','2020-12-14 05:39:04'),('82','19','20','2020-12-17 12:05:27'),('83','2','13','2020-11-13 15:09:04'),('84','9','10','2020-12-11 14:20:21'),('85','9','10','2020-12-24 17:43:14'),('86','1','27','2020-12-27 00:30:25'),('87','1','5','2020-11-27 09:23:29'),('88','8','4','2020-11-22 06:17:54'),('89','9','16','2020-12-09 16:35:13'),('90','11','26','2020-12-03 20:44:39'),('91','3','2','2020-11-28 10:11:22'),('92','4','20','2020-11-08 23:51:07'),('93','12','21','2020-11-03 06:47:26'),('94','17','22','2020-12-12 05:12:12'),('95','14','16','2020-11-17 03:05:29'),('96','7','21','2020-11-22 18:01:25'),('97','5','9','2020-12-30 05:30:14'),('98','3','8','2020-11-04 02:06:00'),('99','12','24','2020-11-12 13:23:03'),('100','10','9','2020-12-20 13:36:23'),('101','6','26','2020-12-08 06:47:33'),('102','20','19','2020-12-30 01:34:42'),('103','16','28','2020-11-24 05:48:09'),('104','8','23','2020-12-26 08:18:00'),('105','6','12','2020-12-03 01:51:05'),('106','6','3','2020-12-11 02:54:48'),('107','9','16','2020-11-16 22:26:28'),('108','18','23','2020-11-02 19:21:54'),('109','15','9','2020-11-02 23:29:07'),('110','11','28','2020-11-06 02:18:43'),('111','2','24','2020-11-12 20:54:43'),('112','9','16','2020-11-10 16:08:05'),('113','16','3','2020-12-19 22:45:05'),('114','9','20','2020-11-07 18:33:33'),('115','17','7','2020-11-24 17:12:47'),('116','20','19','2020-12-10 20:02:38'),('117','16','12','2020-12-14 14:56:51'),('118','14','20','2020-12-29 08:48:41'),('119','1','12','2020-12-26 08:26:36'),('120','6','6','2020-11-14 15:04:32'),('121','6','28','2020-11-17 13:43:34'),('122','20','19','2020-12-12 12:44:20'),('123','18','18','2020-12-08 14:03:46'),('124','5','11','2020-12-30 20:32:20'),('125','16','3','2020-12-27 01:57:32'),('126','19','10','2020-11-19 04:14:54'),('127','18','23','2020-11-10 09:18:00'),('128','11','6','2020-12-27 05:19:46'),('129','14','10','2020-12-17 04:26:06'),('130','3','8','2020-11-28 06:09:14'),('131','17','13','2020-12-07 22:02:57'),('132','9','10','2020-11-27 22:19:20'),('133','9','20','2020-11-13 17:34:47'),('134','15','19','2020-12-11 10:48:43'),('135','9','10','2020-12-23 20:50:11'),('136','14','16','2020-12-01 20:15:08'),('137','11','15','2020-11-10 14:44:43'),('138','3','18','2020-11-30 14:55:09'),('139','7','21','2020-11-02 22:41:37'),('140','9','10','2020-12-26 22:55:02'),('141','17','30','2020-12-03 19:42:53'),('142','8','1','2020-12-04 14:51:12'),('143','2','24','2020-12-30 23:36:01'),('144','11','28','2020-11-07 10:07:05'),('145','9','20','2020-11-20 16:11:17'),('146','2','30','2020-11-05 04:48:18'),('147','7','24','2020-12-09 14:04:58'),('148','15','19','2020-12-20 20:47:18'),('149','6','26','2020-12-30 05:21:27'),('150','13','2','2020-12-06 12:27:34'),('151','9','16','2020-12-09 06:16:19'),('152','11','6','2020-12-24 06:33:18'),('153','5','9','2020-11-14 22:15:01'),('154','15','19','2020-12-01 16:36:03'),('155','18','29','2020-12-09 05:46:16'),('156','18','23','2020-11-12 12:02:35'),('157','10','11','2020-12-03 08:08:35'),('158','5','9','2020-12-03 21:25:17'),('159','3','2','2020-11-28 01:24:31'),('160','4','10','2020-11-13 07:02:52'),('161','19','10','2020-12-05 13:06:05'),('162','19','10','2020-12-28 16:44:46'),('163','6','28','2020-11-17 22:19:34'),('164','20','19','2020-12-23 22:20:34'),('165','10','19','2020-12-30 13:30:30'),('166','6','27','2020-11-10 20:47:05'),('167','14','10','2020-11-28 19:09:30'),('168','4','10','2020-11-22 12:01:30'),('169','6','3','2020-11-14 07:48:31'),('170','16','6','2020-11-12 06:29:21'),('171','13','18','2020-11-12 07:36:33'),('172','1','15','2020-11-23 16:02:26'),('173','19','20','2020-11-22 12:57:56'),('174','10','9','2020-11-04 23:00:25'),('175','20','19','2020-11-16 19:15:59'),('176','8','18','2020-12-09 13:03:32'),('177','7','21','2020-12-23 07:57:46'),('178','10','11','2020-12-14 14:43:43'),('179','18','29','2020-12-06 11:04:07'),('180','12','22','2020-12-04 15:16:58'),('181','16','27','2020-12-11 17:14:00'),('182','2','22','2020-11-11 16:27:22'),('183','7','22','2020-11-21 15:23:53'),('184','20','9','2020-11-28 13:04:12'),('185','16','12','2020-11-23 13:49:01'),('186','20','9','2020-11-17 09:02:15'),('187','1','3','2020-12-03 22:52:30'),('188','4','20','2020-11-07 19:02:45'),('189','19','20','2020-12-05 23:29:51'),('190','19','10','2020-12-15 13:36:09'),('191','9','10','2020-12-02 09:41:29'),('192','10','11','2020-11-14 06:11:59'),('193','18','4','2020-11-11 13:19:41'),('194','3','23','2020-12-12 07:55:13'),('195','11','5','2020-11-20 18:40:08'),('196','6','14','2020-12-09 22:40:08'),('197','20','9','2020-11-25 06:22:16'),('198','1','15','2020-12-06 16:36:45'),('199','11','6','2020-12-14 01:33:42'),('200','3','4','2020-11-25 18:21:34');


DROP TABLE IF EXISTS candidate;
CREATE TABLE candidate
(
	CandidateId decimal(3,0),
	ConstituencyId decimal(3,0),
	CriminalRecord varchar(50),
	Education varchar(40),
	Assets decimal(10),
	PartyMemberId decimal(4,0),
	PartyId decimal(3,0),
    primary key (CandidateId)
);

INSERT INTO candidate VALUES
('1','2','No crime history','MTech','46265835','1','1'),('2','3','No crime history','MCom','18698237','2','2'),('3','4','No crime history','MS','4489306','3','3'),('4','5','No crime history','BTech','28551649','4','4'),('5','1','No crime history','BTech','17366808','5','1'),('6','2','No crime history','12th Pass','95728904','6','2'),('7','3','No crime history','MS','94567104','7','3'),('8','4','No crime history','MTech','4870483','8','4'),('9','5','No crime history','BA','50399869','9','1'),('10','1','No crime history','BTech','21216969','10','2'),('11','2','No crime history','BS','83876301','11','3'),('12','3','No crime history','MCom','24710910','12','4'),('13','4','No crime history','BS','58093982','13','1'),('14','5','No crime history','BTech','70481970','14','2'),('15','1','No crime history','MCom','62647985','15','3'),('16','2','No crime history','BS','97022306','16','4'),('17','3','No crime history','MTech','78096008','17','1'),('18','4','No crime history','MCom','96073224','18','2'),('19','5','Ex Convict','BS','47685825','19','3'),('20','1','No crime history','BS','22592149','20','4');


DROP TABLE IF EXISTS votingcenter;

CREATE TABLE votingcenter
(
	CenterId decimal(3,0),
	ConstituencyId decimal(3,0)

);
INSERT INTO votingcenter VALUES

('1','1'),('2','2'),('3','3'),('4','4'),('5','5'),('6','1'),('7','2'),('8','3'),('9','4'),('10','5'),('11','1'),('12','2'),('13','3'),('14','4'),('15','5'),('16','1'),('17','2'),('18','3');


DROP TABLE IF EXISTS evm;

CREATE TABLE evm
(
	EVMId decimal(3,0),
	VotingCenterId decimal(3,0),
    Primary Key (EVMId)
);

INSERT INTO evm VALUES

('1','14'),('2','14'),('3','2'),('4','14'),('5','7'),('6','17'),('7','8'),('8','14'),('9','16'),('10','10'),('11','11'),('12','12'),('13','8'),('14','17'),('15','7'),('16','5'),('17','8'),('18','9'),('19','16'),('20','10'),('21','18'),('22','8'),('23','4'),('24','18'),('25','18'),('26','12'),('27','7'),('28','17'),('29','9'),('30','18');

DROP TABLE IF EXISTS electionofficials;

CREATE TABLE electionofficials
(
	OfficialId decimal(3,0),
	Name varchar(20),
	Age decimal(3,0),
	Sex varchar(20),
	votingcenter decimal(3,0),
    primary key (OfficialId)
);

INSERT INTO electionofficials VALUES
('1','Russell','44','Female','8'),('2','Jeremiah','30','Male','18'),('3','Carl','28','Female','9'),('4','Miguel','24','Male','16'),('5','Tony','57','Female','10'),('6','Alexis','24','Female','13'),('7','Gina','34','Female','9'),('8','Jillian','31','Male','9'),('9','Pamela','55','Female','16'),('10','Mitchell','66','Female','1'),('11','Hannah','42','Male','3'),('12','Renee','32','Male','4'),('13','Denise','45','Male','18'),('14','Molly','31','Female','11'),('15','Jerry','31','Female','4'),('16','Misty','23','Female','11'),('17','Mario','51','Female','16'),('18','Johnathan','48','Female','6'),('19','Jaclyn','45','Male','7'),('20','Brenda','60','Male','6');


DROP TABLE IF EXISTS constituency;

CREATE TABLE constituency
(
	ConstituencyId decimal(3,0),
	State varchar(20)
);
INSERT INTO constituency VALUES
('1','Tamil Nadu'),('2','Goa'),('3','Goa'),('4','Karnataka'),('5','Karnataka');


DROP TABLE IF EXISTS party;

CREATE TABLE party
(
	PartyId decimal(3,0),
	Name varchar(30),
	Leader varchar(30),
	Symbol varchar(30),
	AllianceId decimal(3,0)
);
INSERT INTO party VALUES

('1','BAAP','Heidi','Abdul Kalam','1'),('2','AAP','Lacey','broom',null),('3','TMC','Shaun','hand','1'),('4','BJP','Troy','chakra',null);

DROP TABLE IF EXISTS alliance;

CREATE TABLE alliance
(
	AllianceId decimal(3,0),
	Name varchar(30)
);
INSERT INTO alliance VALUES
('1','mahaghatbandan');

DROP TABLE IF EXISTS partymembers;

CREATE TABLE partymembers
(
	PartyMemberId decimal(3,0),
	Name varchar(30),
	Age decimal(3,0),
	Sex varchar(30),
	PartyId decimal(3,0),
	ReportsTo decimal(3,0),
    PRIMARY KEY (PartyMemberId)
    
);

INSERT INTO partymembers VALUES
('500','Heidi','43','Female','1',null),('1','Trevor','61','Male','1','500'),('5','Rachael','50','Male','1','1'),('9','Austin','35','Female','1','5'),('13','Alan','42','Male','1','9'),('17','Kayla','40','Male','1','13'),('205','Nicholas','38','Female','1','500'),('206','Anthony','56','Male','1','205'),('214','Steven','29','Male','1','500'),('219','Rachel','45','Male','1','500'),('233','Benjamin','20','Female','1','219'),('244','Zachary','54','Female','1','500'),('247','Samantha','64','Male','1','244'),('501','Lacey','65','Male','2',null),('2','Seth','27','Male','2','501'),('6','Luke','33','Female','2','501'),('10','Candace','27','Male','2','6'),('14','Susan','65','Female','2','501'),('18','Nancy','18','Male','2','501'),('200','William','18','Male','2','18'),('201','Jonathan','61','Male','2','200'),('203','Brian','31','Male','2','501'),('207','Heather','32','Male','2','203'),('208','Eric','27','Male','2','501'),('209','Elizabeth','56','Female','2','501'),('210','Adam','45','Female','2','209'),('212','Melissa','26','Male','2','501'),('222','Amber','65','Male','2','212'),('229','Crystal','24','Male','2','501'),('231','Tiffany','28','Male','2','501'),('235','Emily','21','Male','2','231'),('236','Aaron','49','Female','2','235'),('240','Stephen','24','Male','2','236'),('243','Erin','67','Male','2','240'),('249','Sara','19','Male','2','243'),('502','Shaun','36','Male','3',null),('3','Kara','60','Female','3','502'),('7','Felicia','61','Female','3','502'),('11','Jasmine','65','Female','3','7'),('15','Sandra','43','Female','3','11'),('19','Tina','62','Male','3','15'),('202','Stephanie','24','Male','3','19'),('211','Megan','26','Female','3','502'),('217','Christina','32','Female','3','211'),('223','Brittany','51','Female','3','217'),('224','Danielle','64','Female','3','502'),('225','Richard','42','Male','3','502'),('228','Amy','62','Female','3','225'),('238','Rebecca','37','Male','3','502'),('245','Jamie','53','Male','3','238'),('503','Troy','27','Male','4',null),('4','Joanna','37','Male','4','503'),('8','Brooke','55','Male','4','503'),('12','Jesus','41','Female','4','503'),('16','Tracy','56','Male','4','503'),('20','Krystle','61','Male','4','503'),('204','Nicole','45','Female','4','20'),('213','Kevin','64','Female','4','204'),('215','Thomas','27','Female','4','503'),('216','Timothy','52','Male','4','503'),('218','Kyle','31','Male','4','216'),('220','Laura','37','Male','4','503'),('221','Lauren','25','Male','4','503'),('226','Kimberly','52','Female','4','221'),('227','Jeffrey','30','Female','4','226'),('230','Michelle','55','Female','4','227'),('232','Jeremy','25','Male','4','503'),('234','Mark','34','Male','4','232'),('237','Charles','52','Female','4','503'),('239','Jacob','21','Male','4','237'),('241','Patrick','46','Male','4','239'),('242','Sean','31','Male','4','503'),('246','Kelly','30','Female','4','503'),('248','Nathan','41','Male','4','503');

DROP TABLE IF EXISTS Verification;

CREATE TABLE verification
(
	CandidateId decimal(3,0),
	OfficialId decimal(3,0),
	verification_timestamp varchar(25)  NOT NULL
);

INSERT INTO verification VALUES
('1','16','2020-09-17 06:38:11'),('2','19','2020-10-06 21:58:00'),('3','18','2020-09-16 04:15:43'),('4','17','2020-09-01 18:17:52'),('5','16','2020-09-29 03:44:30'),('6','5','2020-09-28 21:40:52'),('7','2','2020-10-29 15:10:14'),('8','10','2020-09-07 19:03:01'),('9','11','2020-09-05 07:43:13'),('10','16','2020-09-12 04:00:39'),('11','8','2020-09-17 15:42:26'),('12','11','2020-10-13 06:40:39'),('13','12','2020-09-07 14:22:32'),('14','20','2020-10-07 23:39:52'),('15','1','2020-10-07 22:26:23'),('16','4','2020-09-24 21:21:17'),('17','12','2020-09-17 09:08:16'),('18','4','2020-10-25 22:27:59'),('19','5','2020-10-08 12:24:39'),('20','13','2020-09-21 13:14:37');
